<?xml version="1.0" encoding="UTF-8"?>
<mods xmlns="http://www.loc.gov/mods/v3"
      xmlns:xlink="http://www.w3.org/1999/xlink"
      xmlns:xsi="http://www.w3.org/2001/XMLSchema-instance"
      xmlns:mods="http://www.loc.gov/mods/v3">
   <titleInfo displayLabel="Item">
      <title>Image 4</title>
   </titleInfo>
   <identifier type="local" displayLabel="CIS Survey ID">CIS-2015-0003_04</identifier>
   <physicalDescription>
      <internetMediaType>image/jp2</internetMediaType>
   </physicalDescription>
   <note type="ownership" displayLabel="Source">Classical Institute of the South and The Historic New Orleans Collection</note>
   <note type="ownership" displayLabel="Repository">The Historic New Orleans Collection (http://www.hnoc.org)</note>
   <note type="ownership" displayLabel="Disclaimer">The information contained in the Decorative Arts of the Gulf South database was collected in the year referenced under "Date Surveyed". The Classical Institute of the South will update object records with new information to the best of its ability but does not guarantee that data contained within the records is current.</note>
   <relatedItem type="host">
      <titleInfo displayLabel="Digital Collection">
         <title>Decorative Arts of the Gulf South database</title>
      </titleInfo>
      <location>
         <url displayLabel="Relation">https://louisianadigitallibrary.org/islandora/object/hnoc-p16313coll17:collection</url>
      </location>
      <titleInfo type="alternative" displayLabel="Parent Item Title">
         <title>Side chairs</title>
      </titleInfo>
   </relatedItem>
   <accessCondition type="use and reproduction" displayLabel="Contact Information">Contact the Historic New Orleans Collection for more information about use and reproduction. louisquery@hnoc.org</accessCondition>
   <accessCondition type="use and reproduction" displayLabel="Credit">Decorative Arts of the Gulf South database, Classical Institute of the South at The Historic New Orleans Collection.</accessCondition>
   <accessCondition type="use and reproduction" displayLabel="Rights">Physical rights are retained by The Historic New Orleans Collection. Copyright is retained in accordance with US copyright laws. The information and images in the Decorative Arts of the Gulf South database may be used for non-commercial and educational purposes, but they must be accompanied by the “Credit” statement above.</accessCondition>
   <typeOfResource>still image</typeOfResource>
   <typeOfResource>three dimensional object</typeOfResource>
   <recordInfo>
      <recordContentSource authority="local">Classical Institute of the South and The Historic New Orleans Collection, 2015 Summer Survey</recordContentSource>
      <recordCreationDate encoding="w3cdtf">2020-8-20</recordCreationDate>
   </recordInfo>
</mods>
