<?xml version="1.0" encoding="UTF-8"?>
<mods xmlns="http://www.loc.gov/mods/v3"
      xmlns:xlink="http://www.w3.org/1999/xlink"
      xmlns:xsi="http://www.w3.org/2001/XMLSchema-instance"
      xmlns:mods="http://www.loc.gov/mods/v3">
   <titleInfo displayLabel="Item">
      <title>Flatware</title>
   </titleInfo>
   <identifier type="local" displayLabel="CIS Survey ID">CIS-2015-0005</identifier>
   <note type="content" displayLabel="Other Name">Silverware, knife, fork</note>
   <physicalDescription displayLabel="Object Type">
      <form>Metals</form>
   </physicalDescription>
   <originInfo>
      <dateCreated encoding="w3cdtf" keyDate="yes" point="start">1856</dateCreated>
      <dateCreated encoding="w3cdtf" point="end">1861</dateCreated>
   </originInfo>
   <originInfo displayLabel="Place of Manufacture">
      <place>
         <placeTerm type="text">Hartford, Connecticut</placeTerm>
      </place>
   </originInfo>
   <name type="corporate" displayLabel="Maker">
      <namePart>William Rogers &amp; Son</namePart>
      <role>
         <roleTerm type="text"
                   authority="marcrelator"
                   authorityURI="http://id.loc.gov/vocabulary/relators"
                   valueURI="http://id.loc.gov/vocabulary/relators/cre">Creator</roleTerm>
      </role>
   </name>
   <physicalDescription>
      <extent>Length: 9.25"; Width: 0.875" (Knives); Length: 7.625"; Width: 1" (Forks)</extent>
      <form type="material">Silver plate on iron</form>
      <note type="physical details" displayLabel="Marks/Inscription/Labels">Forks are stamped "WM ROGERS &amp; SON 12" in relief within a conforming rectangle on the back of the handle. Knives are marked "WM.ROGERS &amp; SON/ HARTFORD CONN. 12" incuse on the blade.</note>
      <note type="condition">Knives are in overall poor condition and forks are in overall excellent condition. Knives are severely corroded.</note>
      <internetMediaType>image/jp2</internetMediaType>
   </physicalDescription>
   <abstract displayLabel="Description">Partial set of three forks and three knives. Each has a cast anthemion at the its end on the front and the back. Tapered handle with notch above knife blade and tines of forks. Knife blades are straight with round ends. All were cast as a single piece. The knives are made of silver-plated iron that has corroded, and forks are likely made of silver-plated iron as well.</abstract>
   <note type="ownership" displayLabel="Physical Location">Gulf Coast (U.S.)</note>
   <note type="ownership" displayLabel="Provenance">Original to the Cox family of Roseheath Plantation in Carlowville, AL (no longer extant). Nixon Cox (1801-1867) migrated from North Carolina to Dallas County, Alabama by 1840. He married Pleasant Ann Nance (1823-1887), a fellow North Carolina migrant, in 1841 and the couple bought a plantation and settled in Pleasant Hill, Alabama. In 1863, the Coxes purchased a farm and farm house in Carlowville. Their youngest son Clarence Cephus Cox (1857-1919) married Lula Elizabeth Belle Hurst (1861-1929) in 1879. Clarence purchased his parents' home in Carlowville from his mother in 1881 and the family settled in the house, which they named Roseheath. Their youngest child, Clarence Keyser Cox (1887-1966) married Marguerite Adel May (1888-1956) in 1906. Their only child, V. Keyser Cox married Evelyn Allison Daniel (b. 1901) and they settled in Selma, Alabama but kept Roseheath as a country house. The current family collection passed from V. and Evelyn to the current owner.</note>
   <originInfo displayLabel="Date Surveyed">
      <dateCaptured encoding="w3cdtf">2015-3-25</dateCaptured>
   </originInfo>
   <note type="ownership" displayLabel="Source">Classical Institute of the South and The Historic New Orleans Collection</note>
   <note type="ownership" displayLabel="Repository">The Historic New Orleans Collection (http://www.hnoc.org)</note>
   <note type="ownership" displayLabel="Disclaimer">The information contained in the Decorative Arts of the Gulf South database was collected in the year referenced under "Date Surveyed". The Classical Institute of the South will update object records with new information to the best of its ability but does not guarantee that data contained within the records is current.</note>
   <relatedItem type="host">
      <titleInfo displayLabel="Digital Collection">
         <title>Decorative Arts of the Gulf South database</title>
      </titleInfo>
      <location>
         <url displayLabel="Relation">https://louisianadigitallibrary.org/islandora/object/hnoc-p16313coll17:collection</url>
      </location>
   </relatedItem>
   <accessCondition type="use and reproduction" displayLabel="Contact Information">Contact the Historic New Orleans Collection for more information about use and reproduction. louisquery@hnoc.org</accessCondition>
   <accessCondition type="use and reproduction" displayLabel="Credit">Decorative Arts of the Gulf South database, Classical Institute of the South at The Historic New Orleans Collection.</accessCondition>
   <accessCondition type="use and reproduction" displayLabel="Rights">Physical rights are retained by The Historic New Orleans Collection. Copyright is retained in accordance with US copyright laws. The information and images in the Decorative Arts of the Gulf South database may be used for non-commercial and educational purposes, but they must be accompanied by the “Credit” statement above.</accessCondition>
   <typeOfResource>still image</typeOfResource>
   <typeOfResource>three dimensional object</typeOfResource>
   <recordInfo>
      <recordContentSource authority="local">Classical Institute of the South and The Historic New Orleans Collection, 2015 Summer Survey</recordContentSource>
      <recordCreationDate encoding="w3cdtf">2020-8-20</recordCreationDate>
   </recordInfo>
</mods>
