<?xml version="1.0" encoding="UTF-8"?>
<mods xmlns="http://www.loc.gov/mods/v3"
      xmlns:xlink="http://www.w3.org/1999/xlink"
      xmlns:xsi="http://www.w3.org/2001/XMLSchema-instance"
      xmlns:mods="http://www.loc.gov/mods/v3">
   <titleInfo displayLabel="Item">
      <title>Tea service</title>
   </titleInfo>
   <identifier type="local" displayLabel="CIS Survey ID">CIS-2015-0048</identifier>
   <physicalDescription displayLabel="Object Type">
      <form>Ceramics</form>
   </physicalDescription>
   <originInfo>
      <dateCreated encoding="w3cdtf" keyDate="yes" point="start">1830</dateCreated>
      <dateCreated encoding="w3cdtf" point="end">1850</dateCreated>
   </originInfo>
   <originInfo displayLabel="Place of Manufacture">
      <place>
         <placeTerm type="text">France or United States</placeTerm>
      </place>
   </originInfo>
   <physicalDescription>
      <form type="material">Porcelain; paint; gilding</form>
      <note type="physical details" displayLabel="Marks/Inscription/Labels">Several pieces have numbers/letters scratched into the body of the piece on the underside under the glaze. The teapot is marked "126", the cream pitcher is marked "11", the waste bowl is marked "26", and the platter is marked "A C 200" with a "2" as well. The sugar bowl has no markings. Most of the tea cups and saucers have various numbers scratched into the bottom, usually "11" or "6" or "2".</note>
      <note type="physical details" displayLabel="Surface Treatments">Decorated with blue paint and gilding.</note>
      <note type="condition">Overall good condition. Some of the paint and gilding has worn off of some pieces.</note>
      <internetMediaType>image/jp2</internetMediaType>
   </physicalDescription>
   <abstract displayLabel="Description">Soft paste porcelain "Old Paris" tea service consisting of a teapot with lid, sugar bowl with lid, cream pitcher, waste bowl, small platter, and twelve tea cups with saucers. Tea cups are molded with three larger lobed areas and three smaller in between. A line of blue paint delineates each section and a gilded line runs inside the blue lines. Bud-like decorations are painted with gilding under the flared rims and above the lobed sections. The saucers repeat the same lobed pattern and painted buds on top with an additional gilded circle painted in the center. The tea pot follows the same decorative scheme as the cups, but with four larger lobes and four smaller lobes. Tea pot also has additional blue and gilded floral and scrolled decoration on the molded spout and handle. The lid continues the same theme and has a bud-like knob. The sugar bowl and cream pitcher have the same overall design as the tea pot. The sugar bowl also has a bud knob on the lid, but instead of a handle and spout, it has two buckle-like handles with ornamentation. The cream pitcher has a wide spout and the same handle as the tea pot. The platter is square-shaped and has two handles molded as part of the platter, with the same decorative scheme. The waste bowl also follows the same decorative scheme with extra gilded ornamentation around the outside.</abstract>
   <note type="ownership" displayLabel="Physical Location">Gulf Coast (U.S.)</note>
   <note type="ownership" displayLabel="Provenance">Original to the Hermann Family of New Orleans, LA.</note>
   <note type="ownership" displayLabel="Ownership">The Women's Exchange</note>
   <originInfo displayLabel="Date Surveyed">
      <dateCaptured encoding="w3cdtf">2015-4-16</dateCaptured>
   </originInfo>
   <note type="ownership" displayLabel="Source">Classical Institute of the South and The Historic New Orleans Collection</note>
   <note type="ownership" displayLabel="Repository">The Historic New Orleans Collection (http://www.hnoc.org)</note>
   <note type="ownership" displayLabel="Disclaimer">The information contained in the Decorative Arts of the Gulf South database was collected in the year referenced under "Date Surveyed". The Classical Institute of the South will update object records with new information to the best of its ability but does not guarantee that data contained within the records is current.</note>
   <relatedItem type="host">
      <titleInfo displayLabel="Digital Collection">
         <title>Decorative Arts of the Gulf South database</title>
      </titleInfo>
      <location>
         <url displayLabel="Relation">https://louisianadigitallibrary.org/islandora/object/hnoc-p16313coll17:collection</url>
      </location>
   </relatedItem>
   <accessCondition type="use and reproduction" displayLabel="Contact Information">Contact the Historic New Orleans Collection for more information about use and reproduction. louisquery@hnoc.org</accessCondition>
   <accessCondition type="use and reproduction" displayLabel="Credit">Decorative Arts of the Gulf South database, Classical Institute of the South at The Historic New Orleans Collection.</accessCondition>
   <accessCondition type="use and reproduction" displayLabel="Rights">Physical rights are retained by The Historic New Orleans Collection. Copyright is retained in accordance with US copyright laws. The information and images in the Decorative Arts of the Gulf South database may be used for non-commercial and educational purposes, but they must be accompanied by the “Credit” statement above.</accessCondition>
   <typeOfResource>still image</typeOfResource>
   <typeOfResource>three dimensional object</typeOfResource>
   <recordInfo>
      <recordContentSource authority="local">Classical Institute of the South and The Historic New Orleans Collection, 2015 Summer Survey</recordContentSource>
      <recordCreationDate encoding="w3cdtf">2020-8-20</recordCreationDate>
   </recordInfo>
</mods>
