<?xml version="1.0" encoding="UTF-8"?>
<mods xmlns="http://www.loc.gov/mods/v3"
      xmlns:xlink="http://www.w3.org/1999/xlink"
      xmlns:xsi="http://www.w3.org/2001/XMLSchema-instance"
      xmlns:mods="http://www.loc.gov/mods/v3">
   <titleInfo displayLabel="Item">
      <title>Portrait</title>
   </titleInfo>
   <identifier type="local" displayLabel="CIS Survey ID">CIS-2015-1026</identifier>
   <physicalDescription displayLabel="Object Type">
      <form>Paintings</form>
   </physicalDescription>
   <originInfo>
      <dateCreated encoding="w3cdtf" keyDate="yes" point="start">1850</dateCreated>
      <dateCreated encoding="w3cdtf" point="end">1859</dateCreated>
   </originInfo>
   <originInfo displayLabel="Place of Manufacture">
      <place>
         <placeTerm type="text">Owned by a nineteenth century Natchez, MS family.</placeTerm>
      </place>
   </originInfo>
   <physicalDescription>
      <extent>Height: 43"; Width: 36"; Depth: 2"</extent>
      <form type="material">Oil on canvas; wood</form>
      <note type="physical details" displayLabel="Accessories/Hardware">Frame is likely original.</note>
      <note type="condition">Overall excellent condition. Some abrasion to the center of portrait and has likely darkened over time.</note>
      <internetMediaType>image/jp2</internetMediaType>
   </physicalDescription>
   <abstract displayLabel="Description">Three-quarter length portrait of Mrs. Anna Maria Dunbar Smith Affleck (1816-1859). Sitter is seated on an upholstered rococo revival style chair. Sitter is wearing a period fashionable black dress with white lace collar and sleeves, a Kashmir shawl, a black lace cap, a broach with a central stone surrounded by what appears to be pearls. On her right hand, sitter wears a hair bracelet (cataloged at CIS-2015-1027). Frame is gilded with a small foliate border around the outer edge.</abstract>
   <note type="content">Portrait not removed from wall.</note>
   <note type="ownership" displayLabel="Physical Location">Gulf Coast (U.S.)</note>
   <note type="ownership" displayLabel="Provenance">Originally used at Fair Oaks plantation near Natchez, MS. Orrick Metcalfe (1824-1898) bought the house in 1856 and it has remained in his family.</note>
   <originInfo displayLabel="Date Surveyed">
      <dateCaptured encoding="w3cdtf">2015-7-3</dateCaptured>
   </originInfo>
   <note type="ownership" displayLabel="Source">Classical Institute of the South and The Historic New Orleans Collection</note>
   <note type="ownership" displayLabel="Repository">The Historic New Orleans Collection (http://www.hnoc.org)</note>
   <note type="ownership" displayLabel="Disclaimer">The information contained in the Decorative Arts of the Gulf South database was collected in the year referenced under "Date Surveyed". The Classical Institute of the South will update object records with new information to the best of its ability but does not guarantee that data contained within the records is current.</note>
   <relatedItem type="host">
      <titleInfo displayLabel="Digital Collection">
         <title>Decorative Arts of the Gulf South database</title>
      </titleInfo>
      <location>
         <url displayLabel="Relation">https://louisianadigitallibrary.org/islandora/object/hnoc-p16313coll17:collection</url>
      </location>
   </relatedItem>
   <accessCondition type="use and reproduction" displayLabel="Contact Information">Contact the Historic New Orleans Collection for more information about use and reproduction. louisquery@hnoc.org</accessCondition>
   <accessCondition type="use and reproduction" displayLabel="Credit">Decorative Arts of the Gulf South database, Classical Institute of the South at The Historic New Orleans Collection.</accessCondition>
   <accessCondition type="use and reproduction" displayLabel="Rights">Physical rights are retained by The Historic New Orleans Collection. Copyright is retained in accordance with US copyright laws. The information and images in the Decorative Arts of the Gulf South database may be used for non-commercial and educational purposes, but they must be accompanied by the “Credit” statement above.</accessCondition>
   <typeOfResource>still image</typeOfResource>
   <typeOfResource>three dimensional object</typeOfResource>
   <recordInfo>
      <recordContentSource authority="local">Classical Institute of the South and The Historic New Orleans Collection, 2015 Summer Survey</recordContentSource>
      <recordCreationDate encoding="w3cdtf">2020-8-20</recordCreationDate>
   </recordInfo>
</mods>
