<?xml version="1.0" encoding="UTF-8"?>
<mods xmlns="http://www.loc.gov/mods/v3"
      xmlns:xlink="http://www.w3.org/1999/xlink"
      xmlns:xsi="http://www.w3.org/2001/XMLSchema-instance"
      xmlns:mods="http://www.loc.gov/mods/v3">
   <titleInfo displayLabel="Item">
      <title>Side chairs</title>
   </titleInfo>
   <identifier type="local" displayLabel="CIS Survey ID">CIS-2015-0003</identifier>
   <note type="content" displayLabel="Other Name">Chair</note>
   <physicalDescription displayLabel="Object Type">
      <form>Furniture</form>
   </physicalDescription>
   <originInfo>
      <dateCreated encoding="w3cdtf" keyDate="yes" point="start">1855</dateCreated>
      <dateCreated encoding="w3cdtf" point="end">1865</dateCreated>
   </originInfo>
   <originInfo displayLabel="Place of Manufacture">
      <place>
         <placeTerm type="text">United States</placeTerm>
      </place>
   </originInfo>
   <physicalDescription>
      <extent>Height: 32.5"; Width: 17.25"; Depth: 17"</extent>
      <form type="material">Ash; caning; paint</form>
      <note type="physical details" displayLabel="Upholstery">Seats are caned.</note>
      <note type="physical details" displayLabel="Marks/Inscription/Labels">None</note>
      <note type="physical details" displayLabel="Surface Treatments">Grained to resemble rosewood and crest rail has outline painted with gold-colored paint.</note>
      <note type="condition">Overall good condition. One chair has the top of the crest rail broken off and all have been recaned. Evidence of repairs with glue on many.</note>
      <internetMediaType>image/jp2</internetMediaType>
   </physicalDescription>
   <abstract displayLabel="Description">Set of six painted side chairs. Wavy crest and stay rails with five turned spindles in between. Saber-shaped legs and shield-shaped seat with replaced caning. Flat, shaped front stretcher and plain turned side stretchers (two on each side) and back stretcher. Likely originally mortised and tenoned together but some appear to have been repaired with glue. Grained and with decorative paint.</abstract>
   <note type="ownership" displayLabel="Physical Location">Gulf Coast (U.S.)</note>
   <note type="ownership" displayLabel="Provenance">Original to the Cox family of Roseheath Plantation in Carlowville, AL (no longer extant). Nixon Cox (1801-1867) migrated from North Carolina to Dallas County, Alabama by 1840. He married Pleasant Ann Nance (1823-1887), a fellow North Carolina migrant, in 1841 and the couple bought a plantation and settled in Pleasant Hill, Alabama. In 1863, the Coxes purchased a farm and farm house in Carlowville. Their youngest son Clarence Cephus Cox (1857-1919) married Lula Elizabeth Belle Hurst (1861-1929) in 1879. Clarence purchased his parents' home in Carlowville from his mother in 1881 and the family settled in the house, which they named Roseheath. Their youngest child, Clarence Keyser Cox (1887-1966) married Marguerite Adel May (1888-1956) in 1906. Their only child, V. Keyser Cox married Evelyn Allison Daniel (b. 1901) and they settled in Selma, Alabama but kept Roseheath as a country house. The current family collection passed from V. and Evelyn to the current owner.</note>
   <originInfo displayLabel="Date Surveyed">
      <dateCaptured encoding="w3cdtf">2015-3-25</dateCaptured>
   </originInfo>
   <note type="ownership" displayLabel="Source">Classical Institute of the South and The Historic New Orleans Collection</note>
   <note type="ownership" displayLabel="Repository">The Historic New Orleans Collection (http://www.hnoc.org)</note>
   <note type="ownership" displayLabel="Disclaimer">The information contained in the Decorative Arts of the Gulf South database was collected in the year referenced under "Date Surveyed". The Classical Institute of the South will update object records with new information to the best of its ability but does not guarantee that data contained within the records is current.</note>
   <relatedItem type="host">
      <titleInfo displayLabel="Digital Collection">
         <title>Decorative Arts of the Gulf South database</title>
      </titleInfo>
      <location>
         <url displayLabel="Relation">https://louisianadigitallibrary.org/islandora/object/hnoc-p16313coll17:collection</url>
      </location>
   </relatedItem>
   <accessCondition type="use and reproduction" displayLabel="Contact Information">Contact the Historic New Orleans Collection for more information about use and reproduction. louisquery@hnoc.org</accessCondition>
   <accessCondition type="use and reproduction" displayLabel="Credit">Decorative Arts of the Gulf South database, Classical Institute of the South at The Historic New Orleans Collection.</accessCondition>
   <accessCondition type="use and reproduction" displayLabel="Rights">Physical rights are retained by The Historic New Orleans Collection. Copyright is retained in accordance with US copyright laws. The information and images in the Decorative Arts of the Gulf South database may be used for non-commercial and educational purposes, but they must be accompanied by the “Credit” statement above.</accessCondition>
   <typeOfResource>still image</typeOfResource>
   <typeOfResource>three dimensional object</typeOfResource>
   <recordInfo>
      <recordContentSource authority="local">Classical Institute of the South and The Historic New Orleans Collection, 2015 Summer Survey</recordContentSource>
      <recordCreationDate encoding="w3cdtf">2020-8-20</recordCreationDate>
   </recordInfo>
</mods>
